date,open,high,low,close
1612789200000,0.10000000,1.90000000,0.10000000,1.49100000
1612792800000,1.48830000,1.64000000,1.28990000,1.36590000
1612796400000,1.36590000,1.43440000,1.20000000,1.41890000
1612800000000,1.41560000,1.47800000,1.31010000,1.41240000
1612803600000,1.41100000,1.47900000,1.36500000,1.44330000
1612807200000,1.44460000,1.44470000,1.33000000,1.36690000
1612810800000,1.36570000,1.43720000,1.35000000,1.41980000
1612814400000,1.41950000,1.44630000,1.36620000,1.44210000
1612818000000,1.44210000,1.44500000,1.37000000,1.38880000
1612821600000,1.38880000,1.41900000,1.37140000,1.38200000
1612825200000,1.38290000,1.39740000,1.25530000,1.29000000
1612828800000,1.29010000,1.68600000,1.28970000,1.53510000
1612832400000,1.53500000,1.88800000,1.52450000,1.79890000
1612836000000,1.79910000,1.80000000,1.62760000,1.72280000
1612839600000,1.72290000,1.78790000,1.65240000,1.71370000
1612843200000,1.71190000,1.74090000,1.63000000,1.74090000
1612846800000,1.74090000,1.74650000,1.60500000,1.64000000
1612850400000,1.63620000,1.65360000,1.53000000,1.59160000
1612854000000,1.58740000,1.71940000,1.55700000,1.64120000
1612857600000,1.64130000,1.69900000,1.57000000,1.65660000
1612861200000,1.65660000,1.84860000,1.65000000,1.73240000
1612864800000,1.73690000,1.99930000,1.73510000,1.92980000
1612868400000,1.92650000,2.37000000,1.92000000,2.18760000
1612872000000,2.18710000,2.77000000,2.14510000,2.67000000
1612875600000,2.65080000,2.74830000,2.26110000,2.29000000
1612879200000,2.29000000,2.60000000,2.29000000,2.44690000
1612882800000,2.44690000,2.65400000,2.43950000,2.60000000
1612886400000,2.59480000,2.99000000,2.54800000,2.96800000
1612890000000,2.96800000,3.75000000,2.85000000,3.74950000
1612893600000,3.74950000,4.45000000,3.46100000,3.76010000
1612897200000,3.76030000,3.95000000,3.11110000,3.60100000
1612900800000,3.60000000,3.80000000,3.35000000,3.47590000
1612904400000,3.47380000,3.47380000,2.88920000,2.99950000
1612908000000,2.99760000,3.54450000,2.85000000,3.22360000
1612911600000,3.23420000,3.52000000,3.07130000,3.46370000
1612915200000,3.46340000,3.77000000,3.12000000,3.33000000
1612918800000,3.33900000,3.45400000,3.02450000,3.19010000
1612922400000,3.19000000,3.37000000,3.10820000,3.11090000
1612926000000,3.10830000,3.29500000,3.05000000,3.22200000
1612929600000,3.22110000,3.31650000,2.72360000,2.79990000
1612933200000,2.79990000,3.09000000,2.69000000,2.85030000
1612936800000,2.85030000,2.88000000,2.63330000,2.74410000
1612940400000,2.74340000,3.48990000,2.71000000,3.40750000
1612944000000,3.40740000,3.44000000,3.05110000,3.28580000
1612947600000,3.28580000,3.40000000,3.14140000,3.14710000
1612951200000,3.14690000,3.24980000,3.05360000,3.12790000
1612954800000,3.12790000,3.12790000,2.87680000,3.01100000
1612958400000,3.01050000,3.10000000,2.55000000,2.79480000
1612962000000,2.78680000,2.96980000,2.74110000,2.86720000
1612965600000,2.86710000,2.96490000,2.58000000,2.62550000
1612969200000,2.62550000,2.68990000,2.42110000,2.62420000
1612972800000,2.62280000,2.76530000,2.50600000,2.68910000
1612976400000,2.68910000,2.77360000,2.55400000,2.77360000
1612980000000,2.77070000,2.94000000,2.74000000,2.74500000
1612983600000,2.74100000,2.85000000,2.64170000,2.65450000
1612987200000,2.65410000,2.68680000,2.45600000,2.45940000
1612990800000,2.45940000,2.63800000,2.40000000,2.50670000
1612994400000,2.50680000,2.60000000,2.47390000,2.53590000
1612998000000,2.54050000,2.55270000,2.43550000,2.47880000
1613001600000,2.47750000,2.78900000,2.46990000,2.57570000
1613005200000,2.57500000,2.67800000,2.55000000,2.61530000
1613008800000,2.61530000,2.73000000,2.61290000,2.73000000
1613012400000,2.73000000,2.73000000,2.73000000,2.73000000
1613019600000,2.72370000,2.77000000,2.61000000,2.61500000
1613023200000,2.61510000,2.70000000,2.57000000,2.63460000
1613026800000,2.63690000,2.65000000,2.55000000,2.59790000
1613030400000,2.59800000,2.72000000,2.59710000,2.71990000
1613034000000,2.71990000,2.98390000,2.68000000,2.84100000
1613037600000,2.84900000,2.94500000,2.78130000,2.93310000
1613041200000,2.93400000,2.97000000,2.74500000,2.75000000
1613044800000,2.74520000,2.92250000,2.74240000,2.83480000
1613048400000,2.83460000,2.89000000,2.76000000,2.79350000
1613052000000,2.79060000,2.83000000,2.78820000,2.82700000
1613055600000,2.82750000,2.82750000,2.70260000,2.72600000
1613059200000,2.72980000,2.74770000,2.60700000,2.64020000
1613062800000,2.64020000,2.75000000,2.61120000,2.68210000
1613066400000,2.68210000,2.68500000,2.62570000,2.63000000
1613070000000,2.62950000,2.68890000,2.62500000,2.68360000
1613073600000,2.68900000,2.79310000,2.63470000,2.63550000
1613077200000,2.63550000,2.72000000,2.63000000,2.68770000
1613080800000,2.68770000,2.69710000,2.64000000,2.65870000
1613084400000,2.65020000,2.68000000,2.62000000,2.67710000
1613088000000,2.67990000,2.69990000,2.65000000,2.69290000
1613091600000,2.68990000,2.83950000,2.67660000,2.81000000
1613095200000,2.81000000,2.82790000,2.68000000,2.71090000
1613098800000,2.71090000,2.75000000,2.66000000,2.68780000
1613102400000,2.68790000,2.69500000,2.65000000,2.67990000
1613106000000,2.67800000,2.74000000,2.66780000,2.72180000
1613109600000,2.72200000,2.77000000,2.69670000,2.70000000
1613113200000,2.70010000,2.74750000,2.69600000,2.73600000
1613116800000,2.73020000,2.75040000,2.71300000,2.74500000
1613120400000,2.74550000,2.93630000,2.72000000,2.90000000
1613124000000,2.89560000,2.91990000,2.77500000,2.80810000
1613127600000,2.81170000,2.81960000,2.75000000,2.77400000
1613131200000,2.77400000,2.78210000,2.72700000,2.75520000
1613134800000,2.75430000,2.78500000,2.71500000,2.76060000
1613138400000,2.76120000,2.79990000,2.60000000,2.65000000
1613142000000,2.65100000,2.73000000,2.63660000,2.72700000
1613145600000,2.72010000,2.73000000,2.66660000,2.69690000
1613149200000,2.69500000,2.75000000,2.69000000,2.73300000
1613152800000,2.73300000,2.75500000,2.67500000,2.75500000
1613156400000,2.75500000,2.81000000,2.71340000,2.74560000
1613160000000,2.74560000,2.75210000,2.67000000,2.72400000
1613163600000,2.72350000,2.72830000,2.69050000,2.69940000
1613167200000,2.69940000,2.73000000,2.69570000,2.71960000
1613170800000,2.71950000,2.75900000,2.69750000,2.73200000
1613174400000,2.73250000,2.80520000,2.72010000,2.78200000
1613178000000,2.77990000,2.78500000,2.72530000,2.73490000
1613181600000,2.73060000,2.79990000,2.72000000,2.78900000
1613185200000,2.78900000,2.85000000,2.76400000,2.83740000
1613188800000,2.84210000,2.85000000,2.75000000,2.84270000
1613192400000,2.84250000,2.84280000,2.76070000,2.78600000
1613196000000,2.79300000,2.80390000,2.76380000,2.78310000
1613199600000,2.78310000,2.79000000,2.72010000,2.72510000
1613203200000,2.72510000,2.78560000,2.71100000,2.76900000
1613206800000,2.76820000,2.78660000,2.71900000,2.72000000
1613210400000,2.72000000,2.72500000,2.65000000,2.66000000
1613214000000,2.65900000,2.67770000,2.51000000,2.60590000
1613217600000,2.60400000,2.65000000,2.55000000,2.59940000
1613221200000,2.59900000,2.64000000,2.55540000,2.60980000
1613224800000,2.60980000,2.63500000,2.56480000,2.61790000
1613228400000,2.61480000,2.74300000,2.61460000,2.70010000
1613232000000,2.70020000,2.70350000,2.62340000,2.62950000
1613235600000,2.62990000,2.64300000,2.60010000,2.61010000
1613239200000,2.61010000,2.63200000,2.60000000,2.60800000
1613242800000,2.60540000,2.60800000,2.56000000,2.58170000
1613246400000,2.58290000,2.58840000,2.51560000,2.55000000
1613250000000,2.55850000,2.58000000,2.53200000,2.57410000
1613253600000,2.57410000,2.63000000,2.57000000,2.61820000
1613257200000,2.61310000,2.64000000,2.59810000,2.62000000
1613260800000,2.62000000,2.62300000,2.58760000,2.59800000
1613264400000,2.59810000,2.72910000,2.56000000,2.70910000
1613268000000,2.70600000,2.90000000,2.70500000,2.78400000
1613271600000,2.78160000,2.97000000,2.78160000,2.96500000
1613275200000,2.96210000,3.31490000,2.96190000,3.23740000
1613278800000,3.23500000,3.40000000,2.90850000,3.00210000
1613282400000,3.00230000,3.20000000,2.91000000,3.12680000
1613286000000,3.13030000,3.13910000,2.95870000,2.96500000
1613289600000,2.96630000,3.10000000,2.96000000,3.09990000
1613293200000,3.09270000,3.21000000,3.08240000,3.14800000
1613296800000,3.14820000,3.14900000,3.00000000,3.05500000
1613300400000,3.05470000,3.11760000,2.98800000,3.01340000
1613304000000,3.01340000,3.01450000,2.80000000,2.83190000
1613307600000,2.82850000,2.93990000,2.71170000,2.74000000
1613311200000,2.74300000,2.90060000,2.74000000,2.82160000
1613314800000,2.82160000,2.85640000,2.67200000,2.73460000
1613318400000,2.73440000,2.84920000,2.68510000,2.83630000
1613322000000,2.83300000,2.98000000,2.76990000,2.83150000
1613325600000,2.83780000,2.95900000,2.83100000,2.94030000
1613329200000,2.94970000,3.10000000,2.91000000,3.04640000
1613332800000,3.04650000,3.06020000,2.93500000,3.05520000
1613336400000,3.05520000,3.13000000,3.00000000,3.03230000
1613340000000,3.03240000,3.03840000,2.89660000,2.95690000
1613343600000,2.95750000,2.97400000,2.86000000,2.90440000
1613347200000,2.90000000,3.05060000,2.88020000,2.95050000
1613350800000,2.94770000,3.00180000,2.74000000,2.78760000
1613354400000,2.79000000,2.83010000,2.55260000,2.67510000
1613358000000,2.68000000,2.69270000,2.58330000,2.68830000
1613361600000,2.68630000,2.69550000,2.51000000,2.59070000
1613365200000,2.59680000,2.69900000,2.56760000,2.66720000
1613368800000,2.66000000,2.75730000,2.59000000,2.65110000
1613372400000,2.65200000,2.73900000,2.63990000,2.69400000
1613376000000,2.69410000,2.77910000,2.67500000,2.75140000
1613379600000,2.75140000,2.83000000,2.73980000,2.74350000
1613383200000,2.74810000,2.75600000,2.70850000,2.74700000
1613386800000,2.74670000,2.75000000,2.66980000,2.70500000
1613390400000,2.70500000,3.04030000,2.66360000,2.91480000
1613394000000,2.91470000,2.94540000,2.85010000,2.92090000
1613397600000,2.92190000,3.03000000,2.77210000,2.81060000
1613401200000,2.81100000,2.90000000,2.80360000,2.86000000
1613404800000,2.86290000,2.90920000,2.80660000,2.82700000
1613408400000,2.82690000,2.89000000,2.79000000,2.80490000
1613412000000,2.80490000,2.83500000,2.79000000,2.83400000
1613415600000,2.83010000,2.85200000,2.79000000,2.82990000
1613419200000,2.82700000,2.94400000,2.80780000,2.89580000
1613422800000,2.90070000,2.93960000,2.71700000,2.71710000
1613426400000,2.72000000,2.80000000,2.69240000,2.76140000
1613430000000,2.76140000,2.81600000,2.67340000,2.74000000
1613433600000,2.73900000,2.78000000,2.65000000,2.78000000
1613437200000,2.78000000,2.89290000,2.73000000,2.84720000
1613440800000,2.85360000,2.86010000,2.76880000,2.83640000
1613444400000,2.83630000,2.94000000,2.82780000,2.90000000
1613448000000,2.90100000,2.90100000,2.81430000,2.85450000
1613451600000,2.85100000,2.90600000,2.84120000,2.86070000
1613455200000,2.86170000,2.94010000,2.85000000,2.92180000
1613458800000,2.92020000,2.93000000,2.86090000,2.88180000
1613462400000,2.87900000,2.91950000,2.86200000,2.87750000
1613466000000,2.88560000,3.00000000,2.87000000,2.94280000
1613469600000,2.94590000,3.03040000,2.91000000,2.97780000
1613473200000,2.98250000,3.18000000,2.97770000,3.04000000
1613476800000,3.04000000,3.07500000,2.88000000,2.90970000
1613480400000,2.90980000,3.02860000,2.90900000,2.98000000
1613484000000,2.97240000,2.97990000,2.90000000,2.92500000
1613487600000,2.93140000,3.00000000,2.90000000,2.90000000
1613491200000,2.90010000,2.92000000,2.73110000,2.73110000
1613494800000,2.73990000,2.85440000,2.73110000,2.82790000
1613498400000,2.82760000,2.85000000,2.75000000,2.82400000
1613502000000,2.82050000,2.86680000,2.80000000,2.82690000
1613505600000,2.82660000,2.83000000,2.76000000,2.81180000
1613509200000,2.81190000,2.82920000,2.76060000,2.81210000
1613512800000,2.81760000,2.92200000,2.80000000,2.87320000
1613516400000,2.88100000,2.88800000,2.83890000,2.87600000
1613520000000,2.87590000,2.99000000,2.87120000,2.92500000
1613523600000,2.92500000,2.97280000,2.85770000,2.87490000
1613527200000,2.87020000,2.91600000,2.84000000,2.90060000
1613530800000,2.90110000,2.94000000,2.77770000,2.78790000
1613534400000,2.78780000,2.81120000,2.74000000,2.77290000
1613538000000,2.76610000,2.82000000,2.74860000,2.78990000
1613541600000,2.78900000,2.81770000,2.76120000,2.80300000
1613545200000,2.80430000,2.89420000,2.80000000,2.85000000
1613548800000,2.85010000,2.88960000,2.83000000,2.85600000
1613552400000,2.86290000,2.92420000,2.85600000,2.91350000
1613556000000,2.91160000,2.94000000,2.86080000,2.89000000
1613559600000,2.89500000,2.94600000,2.86020000,2.89120000
1613563200000,2.89150000,2.91720000,2.86120000,2.89000000
1613566800000,2.88800000,2.90130000,2.86000000,2.89890000
1613570400000,2.89760000,2.96000000,2.87000000,2.93240000
1613574000000,2.93240000,2.95780000,2.88780000,2.94800000
1613577600000,2.94640000,3.13510000,2.92140000,3.10010000
1613581200000,3.10300000,3.11630000,2.95090000,3.03660000
1613584800000,3.03660000,3.08710000,3.00560000,3.07060000
1613588400000,3.07060000,3.10000000,3.02250000,3.04890000
1613592000000,3.04500000,3.28380000,3.04220000,3.22500000
1613595600000,3.22430000,3.37000000,3.15000000,3.27800000
1613599200000,3.27360000,3.28800000,3.12640000,3.22720000
1613602800000,3.22960000,3.26000000,3.16990000,3.24240000
1613606400000,3.24240000,3.34000000,3.23000000,3.32510000
1613610000000,3.32160000,3.32740000,3.15000000,3.17410000
1613613600000,3.17320000,3.20600000,3.10970000,3.18230000
1613617200000,3.18220000,3.18500000,3.06300000,3.11520000
1613620800000,3.11110000,3.14640000,3.03940000,3.13610000
1613624400000,3.14000000,3.22000000,3.09000000,3.11570000
1613628000000,3.11190000,3.20040000,3.10700000,3.18400000
1613631600000,3.18400000,3.20400000,3.05710000,3.12000000
1613635200000,3.12000000,3.13660000,3.06830000,3.06980000
1613638800000,3.06980000,3.10380000,3.02790000,3.10380000
1613642400000,3.10400000,3.12800000,3.06100000,3.07710000
1613646000000,3.07700000,3.11000000,3.05400000,3.06530000
1613649600000,3.06850000,3.08000000,2.99470000,3.04530000
1613653200000,3.04980000,3.18140000,3.03230000,3.18000000
1613656800000,3.18000000,3.23200000,3.12360000,3.20090000
1613660400000,3.20400000,3.21510000,3.10000000,3.12670000
1613664000000,3.12660000,3.19850000,3.11540000,3.14000000
1613667600000,3.14010000,3.17500000,3.06870000,3.09990000
1613671200000,3.09720000,3.12200000,3.06030000,3.08720000
1613674800000,3.09200000,3.13470000,3.06890000,3.10350000
1613678400000,3.10350000,3.10350000,3.06500000,3.07270000
1613682000000,3.07730000,3.12000000,3.06800000,3.08180000
1613685600000,3.08180000,3.10670000,3.06000000,3.08190000
1613689200000,3.08280000,3.14440000,3.06400000,3.09200000
1613692800000,3.09210000,3.15160000,3.05010000,3.05080000
1613696400000,3.05080000,3.08890000,2.93360000,2.94560000
1613700000000,2.94440000,2.96000000,2.80450000,2.89900000
1613703600000,2.89530000,3.01340000,2.81920000,2.87660000
1613707200000,2.87680000,2.92000000,2.83000000,2.89500000
1613710800000,2.89630000,2.94550000,2.82160000,2.82350000
1613714400000,2.82350000,2.91830000,2.82200000,2.85990000
1613718000000,2.85990000,2.96000000,2.85610000,2.95450000
1613721600000,2.95430000,3.01400000,2.91000000,2.91500000
1613725200000,2.91500000,2.95080000,2.83010000,2.83500000
1613728800000,2.83500000,2.94000000,2.83000000,2.89700000
1613732400000,2.89990000,2.90500000,2.85000000,2.86090000
1613736000000,2.86090000,2.90000000,2.84530000,2.86190000
1613739600000,2.86180000,2.91000000,2.84010000,2.85930000
1613743200000,2.85610000,2.90000000,2.81420000,2.81810000
1613746800000,2.81490000,2.84730000,2.79000000,2.79000000
1613750400000,2.79020000,2.79930000,2.65000000,2.73410000
1613754000000,2.73400000,2.79870000,2.73290000,2.79480000
1613757600000,2.79580000,2.79580000,2.76100000,2.77940000
1613761200000,2.78010000,2.85300000,2.74100000,2.85000000
1613764800000,2.84600000,2.85000000,2.74000000,2.76230000
1613768400000,2.76880000,2.78520000,2.73810000,2.76940000
1613772000000,2.77460000,2.78520000,2.70100000,2.74820000
1613775600000,2.75470000,2.81000000,2.67000000,2.79310000
1613779200000,2.79690000,2.80000000,2.56010000,2.61000000
1613782800000,2.60050000,2.65000000,2.53770000,2.61610000
1613786400000,2.61610000,2.74960000,2.58590000,2.68920000
1613790000000,2.68900000,2.72590000,2.62820000,2.68000000
1613793600000,2.68000000,2.70000000,2.61800000,2.68700000
1613797200000,2.68410000,2.74500000,2.67500000,2.69780000
1613800800000,2.69790000,2.71550000,2.66980000,2.70050000
1613804400000,2.70300000,2.70630000,2.63480000,2.67300000
1613808000000,2.67300000,2.74990000,2.67000000,2.72870000
1613811600000,2.72840000,2.87210000,2.70000000,2.84200000
1613815200000,2.84200000,2.86000000,2.77710000,2.83620000
1613818800000,2.83110000,2.87000000,2.80380000,2.82110000
1613822400000,2.82130000,2.86000000,2.75960000,2.77620000
1613826000000,2.77700000,2.79040000,2.70010000,2.72000000
1613829600000,2.72050000,2.77000000,2.58970000,2.63410000
1613833200000,2.63100000,2.72480000,2.60000000,2.63860000
1613836800000,2.64420000,2.72920000,2.62010000,2.71020000
1613840400000,2.71940000,2.73060000,2.66770000,2.67260000
1613844000000,2.67350000,2.67960000,2.63000000,2.65230000
1613847600000,2.65800000,2.67170000,2.62900000,2.64620000
1613851200000,2.64620000,2.69900000,2.63250000,2.66720000
1613854800000,2.67000000,2.68030000,2.61000000,2.62490000
1613858400000,2.62030000,2.62610000,2.50800000,2.58630000
1613862000000,2.58640000,2.66740000,2.52010000,2.63640000
1613865600000,2.63710000,2.65500000,2.55000000,2.60820000
1613869200000,2.61230000,2.66000000,2.60810000,2.65100000
1613872800000,2.64980000,2.75600000,2.64220000,2.68710000
1613876400000,2.69500000,2.73030000,2.61690000,2.62000000
1613880000000,2.61990000,2.64550000,2.60000000,2.63300000
1613883600000,2.63220000,2.65000000,2.60000000,2.60680000
1613887200000,2.60990000,2.63240000,2.60000000,2.61530000
1613890800000,2.61530000,2.70000000,2.60000000,2.60000000
1613894400000,2.60000000,2.67700000,2.60000000,2.65500000
1613898000000,2.65400000,2.67000000,2.60610000,2.64130000
1613901600000,2.63730000,2.66000000,2.61270000,2.62950000
1613905200000,2.62670000,2.66740000,2.61940000,2.64870000
1613908800000,2.64870000,2.72000000,2.63300000,2.64520000
1613912400000,2.64800000,2.67390000,2.62500000,2.64140000
1613916000000,2.64140000,2.66960000,2.62000000,2.66920000
1613919600000,2.66940000,2.70000000,2.64680000,2.69400000
1613923200000,2.69400000,2.78670000,2.65120000,2.72450000
1613926800000,2.72520000,2.79990000,2.68000000,2.77690000
1613930400000,2.77990000,2.90000000,2.71900000,2.82770000
1613934000000,2.82750000,2.89000000,2.78200000,2.83640000
1613937600000,2.83970000,2.83970000,2.68000000,2.74100000
1613941200000,2.74610000,2.77520000,2.71050000,2.71170000
1613944800000,2.71170000,2.83340000,2.71120000,2.78670000
1613948400000,2.78000000,2.82700000,2.75960000,2.77150000
1613952000000,2.77160000,2.81100000,2.70000000,2.70560000
1613955600000,2.70300000,2.74550000,2.67440000,2.70990000
1613959200000,2.70210000,2.74180000,2.68000000,2.72990000
1613962800000,2.72990000,2.98900000,2.72380000,2.80900000
1613966400000,2.80900000,2.95900000,2.74680000,2.87260000
1613970000000,2.87220000,2.93440000,2.72280000,2.73810000
1613973600000,2.73790000,2.84390000,2.71500000,2.80190000
1613977200000,2.80930000,2.81090000,2.74300000,2.77350000
1613980800000,2.77380000,2.79950000,2.71010000,2.71020000
1613984400000,2.71020000,2.74850000,2.61630000,2.62000000
1613988000000,2.62420000,2.67790000,2.54000000,2.62810000
1613991600000,2.62800000,2.68000000,2.60030000,2.61100000
1613995200000,2.61100000,2.62820000,2.22000000,2.50380000
1613998800000,2.50110000,2.51560000,2.26620000,2.27280000
1614002400000,2.27270000,2.48680000,1.92000000,2.47490000
1614006000000,2.46030000,2.47990000,2.30090000,2.40110000
1614009600000,2.40110000,2.47090000,2.36390000,2.39010000
1614013200000,2.39110000,2.39820000,2.20150000,2.22770000
1614016800000,2.22800000,2.34000000,2.18620000,2.28700000
1614020400000,2.28760000,2.37210000,2.27900000,2.35600000
1614024000000,2.35900000,2.44900000,2.35070000,2.42390000
1614027600000,2.42290000,2.58000000,2.40200000,2.57990000
1614031200000,2.57700000,2.57990000,2.40010000,2.44520000
1614034800000,2.44510000,2.47450000,2.40010000,2.45500000
1614038400000,2.45400000,2.47720000,2.38050000,2.39050000
1614042000000,2.38610000,2.42420000,2.20500000,2.21540000
1614045600000,2.21540000,2.29780000,2.06710000,2.08000000
1614049200000,2.08690000,2.25540000,2.08000000,2.19500000
1614052800000,2.19490000,2.23540000,2.06050000,2.19600000
1614056400000,2.19660000,2.26380000,1.98880000,2.14000000
1614060000000,2.14000000,2.22220000,2.04450000,2.05000000
1614063600000,2.04450000,2.14500000,2.00000000,2.05530000
1614067200000,2.05530000,2.08160000,1.69300000,1.70000000
1614070800000,1.70100000,1.92030000,1.57050000,1.86900000
1614074400000,1.86320000,1.93520000,1.72310000,1.78130000
1614078000000,1.77270000,1.95000000,1.62000000,1.73980000
1614081600000,1.73300000,1.90790000,1.66000000,1.85810000
1614085200000,1.86050000,1.96000000,1.81970000,1.91560000
1614088800000,1.92190000,1.97990000,1.74960000,1.79920000
1614092400000,1.79640000,1.95000000,1.77000000,1.88500000
1614096000000,1.89500000,1.95000000,1.85500000,1.87200000
1614099600000,1.87200000,1.93000000,1.82150000,1.83000000
1614103200000,1.83000000,1.85000000,1.76500000,1.77930000
1614106800000,1.77930000,1.80450000,1.68970000,1.70000000
1614110400000,1.70000000,1.80650000,1.68130000,1.79920000
1614114000000,1.79920000,1.83000000,1.76990000,1.80760000
1614117600000,1.80400000,1.86660000,1.79700000,1.86660000
1614121200000,1.86580000,1.90750000,1.82870000,1.89390000
1614124800000,1.88640000,1.91390000,1.76200000,1.84840000
1614128400000,1.84990000,2.00000000,1.81260000,1.99990000
1614132000000,1.99990000,2.20000000,1.98000000,2.18610000
1614135600000,2.18610000,2.19260000,2.08060000,2.17220000
1614139200000,2.17250000,2.25360000,2.05760000,2.10570000
1614142800000,2.10040000,2.19500000,2.05200000,2.05830000
1614146400000,2.05800000,2.12000000,1.97000000,2.03520000
1614150000000,2.03220000,2.06300000,1.98000000,2.06210000
1614153600000,2.06200000,2.17000000,2.03290000,2.16250000
1614157200000,2.16250000,2.20400000,2.12000000,2.15000000
1614160800000,2.14990000,2.16350000,2.03000000,2.05720000
1614164400000,2.05710000,2.10000000,1.99000000,2.06000000
1614168000000,2.06240000,2.16000000,2.05330000,2.07870000
1614171600000,2.07870000,2.10000000,1.94010000,1.97030000
1614175200000,1.97840000,1.99990000,1.83010000,1.92780000
1614178800000,1.92780000,1.97890000,1.84340000,1.97840000
1614182400000,1.97750000,2.00000000,1.94000000,1.95690000
1614186000000,1.95060000,1.99940000,1.95000000,1.99570000
1614189600000,1.99570000,1.99700000,1.95710000,1.95990000
1614193200000,1.96000000,1.96780000,1.89120000,1.90710000
1614196800000,1.90970000,1.93940000,1.88820000,1.92680000
1614200400000,1.92540000,1.92600000,1.85000000,1.90760000
1614204000000,1.90760000,1.94420000,1.85230000,1.94190000
1614207600000,1.94190000,1.99930000,1.89950000,1.96520000
1614211200000,1.97450000,2.06400000,1.94340000,2.03440000
1614214800000,2.03310000,2.07000000,1.98000000,2.00720000
1614218400000,2.00720000,2.02950000,1.97520000,1.99000000
1614222000000,1.99170000,1.99380000,1.92010000,1.93060000
1614225600000,1.93060000,1.94730000,1.89000000,1.90010000
1614229200000,1.90470000,1.94210000,1.89090000,1.93580000
1614232800000,1.93930000,1.94950000,1.90850000,1.92760000
1614236400000,1.92640000,1.95240000,1.90000000,1.91330000
1614240000000,1.91310000,1.93160000,1.82000000,1.83690000
1614243600000,1.83970000,1.87000000,1.78880000,1.83970000
1614247200000,1.83960000,1.91600000,1.83170000,1.88440000
1614250800000,1.88030000,1.92100000,1.88020000,1.90210000
1614254400000,1.90330000,1.94780000,1.86300000,1.94050000
1614258000000,1.94050000,2.01890000,1.89000000,1.98500000
1614261600000,1.98320000,2.02470000,1.95630000,1.97900000
1614265200000,1.97890000,2.05000000,1.96350000,1.98340000
1614268800000,1.98190000,2.17110000,1.96080000,2.15310000
1614272400000,2.15310000,2.17000000,2.00100000,2.02130000
1614276000000,2.02170000,2.05000000,1.95000000,1.97660000
1614279600000,1.97660000,2.02110000,1.95030000,1.99150000
1614283200000,1.98590000,1.98590000,1.92660000,1.95000000
1614286800000,1.95200000,1.96760000,1.89000000,1.89270000
1614290400000,1.89270000,1.93310000,1.83100000,1.90650000
1614294000000,1.91130000,1.92000000,1.81000000,1.83040000
1614297600000,1.83050000,1.88410000,1.70000000,1.76350000
1614301200000,1.76340000,1.84030000,1.74920000,1.75990000
1614304800000,1.75340000,1.84960000,1.74090000,1.80570000
1614308400000,1.80580000,1.81460000,1.77700000,1.79480000
1614312000000,1.79490000,1.83500000,1.79100000,1.79600000
1614315600000,1.79950000,1.81000000,1.62260000,1.62910000
1614319200000,1.62660000,1.70750000,1.62660000,1.67880000
1614322800000,1.67600000,1.68500000,1.56200000,1.58590000
1614326400000,1.58900000,1.67510000,1.58000000,1.65580000
1614330000000,1.65570000,1.73050000,1.62370000,1.71990000
1614333600000,1.72000000,1.73000000,1.68030000,1.69300000
1614337200000,1.69020000,1.70460000,1.61120000,1.66050000
1614340800000,1.66050000,1.71130000,1.64780000,1.68880000
1614344400000,1.68770000,1.69920000,1.63010000,1.64850000
1614348000000,1.64230000,1.72900000,1.64210000,1.69520000
1614351600000,1.69600000,1.75400000,1.68500000,1.72710000
1614355200000,1.72700000,1.77800000,1.72700000,1.77800000
1614358800000,1.77850000,1.82790000,1.73260000,1.75270000
1614362400000,1.75270000,1.78290000,1.73670000,1.74100000
1614366000000,1.74220000,1.75000000,1.65690000,1.67900000
1614369600000,1.67230000,1.73560000,1.65000000,1.65150000
1614373200000,1.66000000,1.72900000,1.62720000,1.63010000
1614376800000,1.63580000,1.66850000,1.61200000,1.64570000
1614380400000,1.64890000,1.70550000,1.64350000,1.69950000
1614384000000,1.69440000,1.77750000,1.69440000,1.74190000
1614387600000,1.74940000,1.75610000,1.71010000,1.74000000
1614391200000,1.74010000,1.74900000,1.69000000,1.69310000
1614394800000,1.69320000,1.72500000,1.68290000,1.71350000
1614398400000,1.70990000,1.72110000,1.69250000,1.71460000
1614402000000,1.71510000,1.76000000,1.70310000,1.75380000
1614405600000,1.75410000,1.82700000,1.72550000,1.77700000
1614409200000,1.77700000,1.77700000,1.71280000,1.73990000
1614412800000,1.73980000,1.74500000,1.66100000,1.69060000
1614416400000,1.68750000,1.69830000,1.65000000,1.68980000
1614420000000,1.68950000,1.73240000,1.68600000,1.72430000
1614423600000,1.73140000,1.79600000,1.73050000,1.75280000
1614427200000,1.75470000,1.80000000,1.71690000,1.76740000
1614430800000,1.76750000,1.84750000,1.76120000,1.80210000
1614434400000,1.80220000,1.84000000,1.74000000,1.78600000
1614438000000,1.78230000,1.79080000,1.71860000,1.75090000
1614441600000,1.75050000,1.80000000,1.73000000,1.77760000
1614445200000,1.77760000,1.78990000,1.75050000,1.77810000
1614448800000,1.78300000,1.78740000,1.76580000,1.78620000
1614452400000,1.78620000,1.80900000,1.78210000,1.80000000
1614456000000,1.80000000,1.81990000,1.76950000,1.79000000
1614459600000,1.79010000,1.79320000,1.77630000,1.78600000
1614463200000,1.78990000,1.79000000,1.70000000,1.71250000
1614466800000,1.71250000,1.75680000,1.68000000,1.74520000
1614470400000,1.74520000,1.76770000,1.72200000,1.75930000
1614474000000,1.75590000,1.76770000,1.72710000,1.74000000
1614477600000,1.74000000,1.74200000,1.65500000,1.66270000
1614481200000,1.66010000,1.67270000,1.58170000,1.60140000
1614484800000,1.59670000,1.61940000,1.58000000,1.58140000
1614488400000,1.58380000,1.62420000,1.57100000,1.59650000
1614492000000,1.59530000,1.60000000,1.51500000,1.51850000
1614495600000,1.51760000,1.55990000,1.50100000,1.53590000
1614499200000,1.53570000,1.60490000,1.53210000,1.58830000
1614502800000,1.58530000,1.62850000,1.57630000,1.60120000
1614506400000,1.60120000,1.61220000,1.57200000,1.59440000
1614510000000,1.59440000,1.61460000,1.58880000,1.60090000
1614513600000,1.60030000,1.60120000,1.52140000,1.54910000
1614517200000,1.54900000,1.55660000,1.51100000,1.51200000
1614520800000,1.51200000,1.52070000,1.42500000,1.50330000
1614524400000,1.50330000,1.50700000,1.36710000,1.39600000
1614528000000,1.39800000,1.43740000,1.36660000,1.40300000
1614531600000,1.40310000,1.42450000,1.38010000,1.38350000
1614535200000,1.38050000,1.43150000,1.37500000,1.42590000
1614538800000,1.42550000,1.47070000,1.41100000,1.47060000
1614542400000,1.47050000,1.48650000,1.44050000,1.48340000
1614546000000,1.48570000,1.54160000,1.48130000,1.52460000
1614549600000,1.52450000,1.52460000,1.46780000,1.48920000
1614553200000,1.48920000,1.54500000,1.45000000,1.47000000
1614556800000,1.47000000,1.55660000,1.46550000,1.53150000
1614560400000,1.53000000,1.55400000,1.50000000,1.55400000
1614564000000,1.55220000,1.63630000,1.54150000,1.61020000
1614567600000,1.61470000,1.61950000,1.57570000,1.57790000
1614571200000,1.58220000,1.61000000,1.55210000,1.60120000
1614574800000,1.59930000,1.60300000,1.56000000,1.57400000
1614578400000,1.57540000,1.64250000,1.56200000,1.58100000
1614582000000,1.57500000,1.61330000,1.55000000,1.58500000
1614585600000,1.58460000,1.67500000,1.58000000,1.66000000
1614589200000,1.66000000,1.72400000,1.64310000,1.67790000
1614592800000,1.67790000,1.72000000,1.63610000,1.70400000
1614596400000,1.70400000,1.74800000,1.69390000,1.71980000
1614600000000,1.71600000,1.73000000,1.67220000,1.70680000
1614603600000,1.70680000,1.73990000,1.68310000,1.68800000
1614607200000,1.68680000,1.72000000,1.67100000,1.70280000
1614610800000,1.70280000,1.73000000,1.70200000,1.72270000
1614614400000,1.72400000,1.73000000,1.66040000,1.68530000
1614618000000,1.68530000,1.68670000,1.64100000,1.64100000
1614621600000,1.64110000,1.66370000,1.63100000,1.65350000
1614625200000,1.65400000,1.67250000,1.64230000,1.66790000
1614628800000,1.66800000,1.72000000,1.65000000,1.69000000
1614632400000,1.69270000,1.72300000,1.67700000,1.71800000
1614636000000,1.72300000,1.75990000,1.71570000,1.74730000
1614639600000,1.74570000,1.78290000,1.73860000,1.77180000
1614643200000,1.77600000,1.87980000,1.77180000,1.80990000
1614646800000,1.80990000,1.85000000,1.76040000,1.84000000
1614650400000,1.84000000,1.85000000,1.81000000,1.82890000
1614654000000,1.82430000,1.83000000,1.74320000,1.76680000
1614657600000,1.76500000,1.79200000,1.74940000,1.78580000
1614661200000,1.78800000,1.82400000,1.76450000,1.76850000
1614664800000,1.76650000,1.76940000,1.73000000,1.73000000
1614668400000,1.73000000,1.74210000,1.70140000,1.72200000
1614672000000,1.72010000,1.77710000,1.71900000,1.75790000
1614675600000,1.76120000,1.96860000,1.75060000,1.93250000
1614679200000,1.93250000,2.05000000,1.92170000,1.94260000
1614682800000,1.94260000,2.18000000,1.92820000,2.14310000
1614686400000,2.14260000,2.18670000,2.07210000,2.16550000
1614690000000,2.16080000,2.16580000,2.07570000,2.10210000
1614693600000,2.10300000,2.29000000,2.09310000,2.19040000
1614697200000,2.18970000,2.27500000,2.12270000,2.15020000
1614700800000,2.15360000,2.18020000,1.96800000,2.00380000
1614704400000,2.00400000,2.06850000,1.94970000,2.03530000
1614708000000,2.03530000,2.03740000,1.94350000,1.96110000
1614711600000,1.96110000,2.02200000,1.91130000,1.96020000
1614715200000,1.95730000,2.00500000,1.92970000,1.99920000
1614718800000,1.99640000,2.04900000,1.95020000,1.96530000
1614722400000,1.96530000,2.07270000,1.95530000,2.04320000
1614726000000,2.04970000,2.18000000,2.03290000,2.16490000
1614729600000,2.16470000,2.20000000,2.09610000,2.12600000
1614733200000,2.12600000,2.15940000,2.08000000,2.11010000
1614736800000,2.11030000,2.24560000,2.10810000,2.22510000
1614740400000,2.22670000,2.23980000,2.14810000,2.19090000
1614744000000,2.18920000,2.28000000,2.18320000,2.27080000
1614747600000,2.27490000,2.28000000,2.14980000,2.18340000
1614751200000,2.18470000,2.21990000,2.15590000,2.18000000
1614754800000,2.18000000,2.23670000,2.15000000,2.17980000
1614758400000,2.17980000,2.19730000,2.12000000,2.14430000
1614762000000,2.14430000,2.15940000,2.09910000,2.11750000
1614765600000,2.11700000,2.14340000,2.05010000,2.06170000
1614769200000,2.06160000,2.13100000,2.03320000,2.07610000
1614772800000,2.07610000,2.12830000,2.05050000,2.11730000
1614776400000,2.11870000,2.12200000,2.01000000,2.03440000
1614780000000,2.03610000,2.03610000,1.96460000,1.99470000
1614783600000,1.99350000,2.04000000,1.99030000,2.00220000
1614787200000,2.00210000,2.07170000,2.00000000,2.05800000
1614790800000,2.05800000,2.08920000,2.02910000,2.05160000
1614794400000,2.05000000,2.06330000,2.01010000,2.02140000
1614798000000,2.02130000,2.02920000,1.97500000,2.00930000
1614801600000,2.01110000,2.04720000,1.98470000,1.99160000
1614805200000,1.99150000,2.01100000,1.94910000,2.00620000
1614808800000,2.00620000,2.04210000,1.95500000,1.96100000
1614812400000,1.96380000,1.99500000,1.93140000,1.93400000
1614816000000,1.93300000,2.00500000,1.90270000,1.99800000
1614819600000,1.99750000,2.02180000,1.96020000,1.97510000
1614823200000,1.97500000,2.00140000,1.96840000,1.96840000
1614826800000,1.96840000,2.00000000,1.86000000,1.87630000
1614830400000,1.87620000,1.90290000,1.84110000,1.84840000
1614834000000,1.84800000,1.94290000,1.84700000,1.94280000
1614837600000,1.94130000,1.94280000,1.88270000,1.88540000
1614841200000,1.88540000,1.95570000,1.88430000,1.95570000
1614844800000,1.95610000,2.00600000,1.93950000,1.95440000
1614848400000,1.95290000,1.95440000,1.86990000,1.90250000
1614852000000,1.90250000,1.92000000,1.88070000,1.91400000
1614855600000,1.91620000,1.92620000,1.88000000,1.91350000
1614859200000,1.91350000,1.93890000,1.86000000,1.87090000
1614862800000,1.87090000,1.90000000,1.82330000,1.89350000
1614866400000,1.89680000,1.93500000,1.87000000,1.87500000
1614870000000,1.87510000,1.88670000,1.83220000,1.88310000
1614873600000,1.87910000,1.91250000,1.87480000,1.88090000
1614877200000,1.88510000,1.89940000,1.84730000,1.84950000
1614880800000,1.84750000,1.85550000,1.77620000,1.78880000
1614884400000,1.78580000,1.84050000,1.78180000,1.81630000
1614888000000,1.81620000,1.83300000,1.78230000,1.82910000
1614891600000,1.82910000,1.84730000,1.80160000,1.80670000
1614895200000,1.80510000,1.83110000,1.80080000,1.82750000
1614898800000,1.82700000,1.84690000,1.81940000,1.82530000
1614902400000,1.82530000,1.82530000,1.70300000,1.71970000
1614906000000,1.71890000,1.73440000,1.66520000,1.72130000
1614909600000,1.72250000,1.72670000,1.68000000,1.72430000
1614913200000,1.72400000,1.73610000,1.69910000,1.73150000
1614916800000,1.73260000,1.73510000,1.68150000,1.68420000
1614920400000,1.68420000,1.71530000,1.68260000,1.71000000
1614924000000,1.70990000,1.74420000,1.70490000,1.74270000
1614927600000,1.74270000,1.78130000,1.72250000,1.74910000
1614931200000,1.74910000,1.76900000,1.68000000,1.69690000
1614934800000,1.69660000,1.73000000,1.69380000,1.72510000
1614938400000,1.72510000,1.74310000,1.70000000,1.71640000
1614942000000,1.71650000,1.76370000,1.71650000,1.74710000
1614945600000,1.74710000,1.76890000,1.72610000,1.76450000
1614949200000,1.76450000,1.81000000,1.76000000,1.78520000
1614952800000,1.78520000,1.82520000,1.77120000,1.78200000
1614956400000,1.78200000,1.80600000,1.76050000,1.76500000
1614960000000,1.76370000,1.76370000,1.69000000,1.73120000
1614963600000,1.73520000,1.76960000,1.73020000,1.76010000
1614967200000,1.76010000,1.79060000,1.75350000,1.77970000
1614970800000,1.77970000,1.81200000,1.75350000,1.81200000
1614974400000,1.81190000,1.82500000,1.78890000,1.79700000
1614978000000,1.79770000,1.81880000,1.79250000,1.80090000
1614981600000,1.80090000,1.81300000,1.79210000,1.80000000
1614985200000,1.80000000,1.80220000,1.76750000,1.78000000
1614988800000,1.77990000,1.80370000,1.77990000,1.79050000
1614992400000,1.79230000,1.79520000,1.76690000,1.78330000
1614999600000,1.78320000,1.78640000,1.75590000,1.77000000
1615003200000,1.76400000,1.76790000,1.74500000,1.75800000
1615006800000,1.75650000,1.79700000,1.74310000,1.79700000
1615010400000,1.79700000,1.95000000,1.79690000,1.91550000
1615014000000,1.91140000,2.02450000,1.90560000,1.99290000
1615017600000,1.99180000,2.02680000,1.93440000,1.94550000
1615021200000,1.94540000,1.97910000,1.90220000,1.90910000
1615024800000,1.91040000,1.97600000,1.90920000,1.92370000
1615028400000,1.92140000,1.95980000,1.91380000,1.93060000
1615032000000,1.92900000,1.93000000,1.82850000,1.84840000
1615035600000,1.84840000,1.86340000,1.75000000,1.81010000
1615039200000,1.81010000,1.85200000,1.80500000,1.84500000
1615042800000,1.84500000,1.88590000,1.84310000,1.84500000
1615046400000,1.84900000,1.90000000,1.82470000,1.88980000
1615050000000,1.88980000,1.92530000,1.88500000,1.91290000
1615053600000,1.91300000,1.91860000,1.89400000,1.89600000
1615057200000,1.89710000,1.90910000,1.87000000,1.89190000
1615060800000,1.89150000,1.89500000,1.86130000,1.87930000
1615064400000,1.87780000,1.88320000,1.85150000,1.85730000
1615068000000,1.85740000,1.89550000,1.85740000,1.88790000
1615071600000,1.88510000,1.91000000,1.88010000,1.88780000
1615075200000,1.88670000,1.97800000,1.88520000,1.94990000
1615078800000,1.95000000,1.95000000,1.90990000,1.91260000
1615082400000,1.91230000,1.96230000,1.90740000,1.96200000
1615086000000,1.96200000,1.98500000,1.92560000,1.92910000
1615089600000,1.92900000,1.94370000,1.89980000,1.94370000
1615093200000,1.94350000,1.94500000,1.90000000,1.92200000
1615096800000,1.92200000,1.92560000,1.88600000,1.88620000
1615100400000,1.88620000,1.92920000,1.87560000,1.92760000
1615104000000,1.92730000,1.94880000,1.89470000,1.89890000
1615107600000,1.89820000,1.93890000,1.89820000,1.93730000
1615111200000,1.93720000,1.97200000,1.92840000,1.95520000
1615114800000,1.95540000,1.97960000,1.93400000,1.96890000
1615118400000,1.96890000,1.97190000,1.93430000,1.95000000
1615122000000,1.94850000,1.96480000,1.92600000,1.94450000
1615125600000,1.94500000,1.96750000,1.90510000,1.94340000
1615129200000,1.93690000,1.95000000,1.91250000,1.93240000
1615132800000,1.93730000,2.01400000,1.93290000,1.99950000
1615136400000,1.99950000,2.00000000,1.96200000,1.99750000
1615140000000,1.99700000,2.05300000,1.96930000,1.96950000
1615143600000,1.96950000,2.00670000,1.95290000,1.98880000
1615147200000,1.98880000,1.98890000,1.94070000,1.95900000
1615150800000,1.95900000,1.99120000,1.94790000,1.99120000
1615154400000,1.98720000,2.02400000,1.98110000,1.99000000
1615158000000,1.99100000,2.04640000,1.98590000,2.01690000
1615161600000,2.01580000,2.07480000,2.01580000,2.05040000
1615165200000,2.05040000,2.09000000,2.02760000,2.03440000
1615168800000,2.03270000,2.03480000,1.97180000,2.01480000
1615172400000,2.01080000,2.03200000,1.99500000,2.02840000
1615176000000,2.02620000,2.03000000,1.99340000,2.00270000
1615179600000,2.00310000,2.08000000,2.00270000,2.07390000
1615183200000,2.07590000,2.07950000,2.01030000,2.04300000
1615186800000,2.03550000,2.05910000,1.97180000,1.97950000
1615190400000,1.98120000,1.99000000,1.94000000,1.96740000
1615194000000,1.96600000,1.98980000,1.94000000,1.95810000
1615197600000,1.95810000,1.96490000,1.90050000,1.95780000
1615201200000,1.95780000,1.98230000,1.91500000,1.95010000
1615204800000,1.95000000,1.95560000,1.92000000,1.92140000
1615208400000,1.92460000,2.03500000,1.92130000,2.00560000
1615212000000,2.00970000,2.10000000,1.98980000,2.08000000
1615215600000,2.08000000,2.17000000,2.05180000,2.12430000
1615219200000,2.12430000,2.12500000,2.05090000,2.12000000
1615222800000,2.12000000,2.14520000,2.09000000,2.09600000
1615226400000,2.09500000,2.14220000,2.09500000,2.12660000
1615230000000,2.12670000,2.14320000,2.11130000,2.12890000
1615233600000,2.12890000,2.18000000,2.12650000,2.12740000
1615237200000,2.13010000,2.14350000,2.12000000,2.12030000
1615240800000,2.12420000,2.12420000,2.09000000,2.10610000
1615244400000,2.10610000,2.14080000,2.09450000,2.12850000
1615248000000,2.12840000,2.14220000,2.05560000,2.06500000
1615251600000,2.06500000,2.13000000,2.05930000,2.12150000
1615255200000,2.11880000,2.15180000,2.10970000,2.14720000
1615258800000,2.14710000,2.18000000,2.13290000,2.13740000
1615262400000,2.13560000,2.15200000,2.10640000,2.13550000
1615266000000,2.13560000,2.16030000,2.13500000,2.15960000
1615269600000,2.15960000,2.17900000,2.10710000,2.11560000
1615273200000,2.11560000,2.13860000,2.08000000,2.08020000
1615276800000,2.08410000,2.15450000,2.07950000,2.13820000
1615280400000,2.13120000,2.15000000,2.11970000,2.13650000
1615284000000,2.13550000,2.16710000,2.12010000,2.15510000
1615287600000,2.15810000,2.15810000,2.11070000,2.13020000
1615291200000,2.13280000,2.14000000,2.07990000,2.09000000
1615294800000,2.08990000,2.12430000,2.06000000,2.11800000
1615298400000,2.12150000,2.13000000,2.09030000,2.12350000
1615302000000,2.12350000,2.12860000,2.10000000,2.10630000
1615305600000,2.10800000,2.12740000,2.06760000,2.10810000
1615309200000,2.10880000,2.11800000,2.09640000,2.10360000
1615312800000,2.10280000,2.11650000,2.08430000,2.09010000
1615316400000,2.08800000,2.11370000,2.08400000,2.11300000
1615320000000,2.11070000,2.13500000,2.09860000,2.13490000
1615323600000,2.13310000,2.14000000,2.08860000,2.11230000
1615327200000,2.11230000,2.13940000,2.10590000,2.13300000
1615330800000,2.13410000,2.15540000,2.11730000,2.15490000
1615334400000,2.15590000,2.17470000,2.13000000,2.13470000
1615338000000,2.13270000,2.14480000,1.96710000,2.03780000
1615341600000,2.03390000,2.03770000,1.90000000,1.98000000
1615345200000,1.97590000,1.98130000,1.90680000,1.92860000
1615348800000,1.93490000,1.96990000,1.92850000,1.96770000
1615352400000,1.96780000,1.96780000,1.93000000,1.95970000
1615356000000,1.95980000,1.99940000,1.95200000,1.98400000
1615359600000,1.98380000,2.03500000,1.98000000,2.00020000
1615363200000,2.00010000,2.01510000,1.98580000,1.99630000
1615366800000,1.99630000,2.00500000,1.95730000,1.99330000
1615370400000,1.99320000,1.99580000,1.94580000,1.94590000
1615374000000,1.94740000,1.96620000,1.92650000,1.95810000
1615377600000,1.95810000,1.99000000,1.95800000,1.97400000
1615381200000,1.97740000,2.01110000,1.97310000,2.00810000
1615384800000,2.01080000,2.01240000,1.95500000,1.97160000
1615388400000,1.97160000,1.98670000,1.95700000,1.97470000
1615392000000,1.97190000,1.99000000,1.96420000,1.96740000
1615395600000,1.96960000,1.99720000,1.96300000,1.98470000
1615399200000,1.98470000,1.98730000,1.95950000,1.96500000
1615402800000,1.96500000,1.98100000,1.96000000,1.96200000
1615406400000,1.96210000,1.96500000,1.86340000,1.88470000
1615410000000,1.88470000,1.91790000,1.83360000,1.91500000
1615413600000,1.91500000,1.92540000,1.88700000,1.91460000
1615417200000,1.91520000,1.92640000,1.86250000,1.86910000
1615420800000,1.86740000,1.89600000,1.84000000,1.85390000
1615424400000,1.85220000,1.86660000,1.83390000,1.86470000
1615428000000,1.86470000,1.89900000,1.85900000,1.88490000
1615431600000,1.88510000,1.92500000,1.85800000,1.92480000
1615435200000,1.92470000,2.03990000,1.90660000,2.03010000
1615438800000,2.03030000,2.08990000,2.00490000,2.02250000
1615442400000,2.02250000,2.08950000,1.99600000,2.02780000
1615446000000,2.02770000,2.06000000,1.99630000,1.99800000
1615449600000,1.99800000,2.00210000,1.90000000,1.94880000
1615453200000,1.95300000,1.95320000,1.91260000,1.92730000
1615456800000,1.92660000,1.98330000,1.92650000,1.98210000
1615460400000,1.98210000,1.99000000,1.93500000,1.97750000
1615464000000,1.97660000,1.98000000,1.93880000,1.95040000
1615467600000,1.95350000,2.04970000,1.95100000,2.01360000
1615471200000,2.01650000,2.04640000,1.97790000,2.00850000
1615474800000,2.01270000,2.02990000,1.91450000,1.94870000
1615478400000,1.94860000,1.98000000,1.94580000,1.95710000
1615482000000,1.95940000,1.95990000,1.93200000,1.94410000
1615485600000,1.94430000,1.97190000,1.93170000,1.95770000
1615489200000,1.95990000,1.96000000,1.91600000,1.91600000
1615492800000,1.91600000,1.94440000,1.91600000,1.94170000
1615496400000,1.94170000,1.95950000,1.92000000,1.92850000
1615500000000,1.92850000,1.93680000,1.90000000,1.92240000
1615503600000,1.92500000,1.93280000,1.91100000,1.92090000
1615507200000,1.92040000,1.93320000,1.88000000,1.90660000
1615510800000,1.90700000,1.93000000,1.90000000,1.90950000
1615514400000,1.91440000,1.92260000,1.90000000,1.92050000
1615518000000,1.92040000,1.93960000,1.91440000,1.93270000
1615521600000,1.93270000,1.95230000,1.88100000,1.90000000
1615525200000,1.89920000,1.92900000,1.89690000,1.92370000
1615528800000,1.92370000,1.95500000,1.90490000,1.94590000
1615532400000,1.94130000,1.94610000,1.90010000,1.93260000
1615536000000,1.93500000,1.97410000,1.92840000,1.95690000
1615539600000,1.95500000,1.98650000,1.90000000,1.93870000
1615543200000,1.94180000,1.94180000,1.89500000,1.93140000
1615546800000,1.92800000,1.94210000,1.90100000,1.90600000
1615550400000,1.90600000,1.92200000,1.88430000,1.89060000
1615554000000,1.89310000,1.89380000,1.71940000,1.80010000
1615557600000,1.80020000,1.82520000,1.77130000,1.81990000
1615561200000,1.82000000,1.83380000,1.80020000,1.83100000
1615564800000,1.83100000,1.84780000,1.80710000,1.81750000
1615568400000,1.81740000,1.84170000,1.79330000,1.80190000
1615572000000,1.80200000,1.82980000,1.78300000,1.80930000
1615575600000,1.81330000,1.82990000,1.77300000,1.77950000
1615579200000,1.77740000,1.79000000,1.75000000,1.77670000
1615582800000,1.77680000,1.80000000,1.75610000,1.79070000
1615586400000,1.79070000,1.81560000,1.79000000,1.81000000
1615590000000,1.81000000,1.95000000,1.80360000,1.82420000
1615593600000,1.82280000,1.82500000,1.77000000,1.78820000
1615597200000,1.78870000,1.79660000,1.75460000,1.77710000
1615600800000,1.78070000,1.85000000,1.77670000,1.84130000
1615604400000,1.84310000,1.84390000,1.80000000,1.81420000
1615608000000,1.81170000,1.83390000,1.80040000,1.83390000
1615611600000,1.83440000,1.88880000,1.83100000,1.87300000
1615615200000,1.87300000,1.89000000,1.85010000,1.85430000
1615618800000,1.85700000,1.89980000,1.83500000,1.87520000
1615622400000,1.87750000,1.89480000,1.86100000,1.88960000
1615626000000,1.89010000,1.93000000,1.88900000,1.91290000
1615629600000,1.91290000,1.93010000,1.88800000,1.90500000
1615633200000,1.90500000,1.94000000,1.89900000,1.92960000
1615636800000,1.92950000,1.94450000,1.91000000,1.92000000
1615640400000,1.92000000,1.95000000,1.90000000,1.94700000
1615644000000,1.94700000,1.99800000,1.93930000,1.94830000
1615647600000,1.94830000,2.00070000,1.94360000,1.95340000
1615651200000,1.95350000,1.97160000,1.93000000,1.96110000
1615654800000,1.96240000,1.99000000,1.96000000,1.98420000
1615658400000,1.98850000,1.99900000,1.94680000,1.95950000
1615662000000,1.95640000,1.98450000,1.92500000,1.96690000
1615665600000,1.96690000,1.99900000,1.95150000,1.96330000
1615669200000,1.96330000,1.96930000,1.94520000,1.95490000
1615672800000,1.95260000,1.97290000,1.94180000,1.97000000
1615676400000,1.97000000,1.97100000,1.92800000,1.93150000
1615680000000,1.93100000,1.94500000,1.90100000,1.90210000
1615683600000,1.90260000,1.90820000,1.86210000,1.89620000
1615687200000,1.89540000,1.92000000,1.88830000,1.91620000
1615690800000,1.91590000,1.94270000,1.90770000,1.92390000
1615694400000,1.92100000,1.92190000,1.88590000,1.90820000
1615698000000,1.90820000,1.93000000,1.89710000,1.90550000
1615701600000,1.90550000,1.90550000,1.88000000,1.89940000
1615705200000,1.89890000,1.89940000,1.85490000,1.85980000
1615708800000,1.85970000,1.89000000,1.76000000,1.88900000
1615712400000,1.88740000,1.96960000,1.88730000,1.93390000
1615716000000,1.93390000,2.25000000,1.93290000,2.23000000
1615719600000,2.22920000,2.49500000,2.16110000,2.42000000
1615723200000,2.41990000,2.84850000,2.29220000,2.83470000
1615726800000,2.83490000,2.94500000,2.60000000,2.61810000
1615730400000,2.61780000,2.84000000,2.60010000,2.72160000
1615734000000,2.72350000,2.90000000,2.68670000,2.75250000
1615737600000,2.75240000,2.76260000,2.62000000,2.68450000
1615741200000,2.68450000,2.76890000,2.64270000,2.75630000
1615744800000,2.76000000,2.86000000,2.69870000,2.73400000
1615748400000,2.73400000,2.75430000,2.66250000,2.72130000
1615752000000,2.72130000,2.75410000,2.62800000,2.66400000
1615755600000,2.66970000,2.74500000,2.65010000,2.68910000
1615759200000,2.68890000,2.89000000,2.68250000,2.87170000
1615762800000,2.87170000,2.91000000,2.67480000,2.68000000
1615766400000,2.67820000,2.90750000,2.67000000,2.90000000
1615770000000,2.89400000,3.20000000,2.75010000,3.17540000
1615773600000,3.17390000,3.17940000,3.01100000,3.07030000
1615777200000,3.07210000,3.14000000,2.94640000,2.98580000
1615780800000,2.98010000,3.09000000,2.87230000,2.89930000
1615784400000,2.89840000,2.92990000,2.65500000,2.66290000
1615788000000,2.65930000,2.76000000,2.64880000,2.74890000
1615791600000,2.74320000,2.74500000,2.44950000,2.58950000
1615795200000,2.58980000,2.69070000,2.46050000,2.52980000
1615798800000,2.52060000,2.58000000,2.33450000,2.47000000
1615802400000,2.47030000,2.53630000,2.40980000,2.50970000
1615806000000,2.51120000,2.53150000,2.38010000,2.41670000
1615809600000,2.41980000,2.45830000,2.36230000,2.42010000
1615813200000,2.42010000,2.57960000,2.38000000,2.47820000
1615816800000,2.48010000,2.62960000,2.44910000,2.45000000
1615820400000,2.44910000,2.50000000,2.40000000,2.46130000
1615824000000,2.46130000,2.54690000,2.42700000,2.45540000
1615827600000,2.45570000,2.48000000,2.38040000,2.41940000
1615831200000,2.42500000,2.48990000,2.40110000,2.43000000
1615834800000,2.42950000,2.47490000,2.42100000,2.43380000
1615838400000,2.43380000,2.50000000,2.42000000,2.45000000
1615842000000,2.45460000,2.48770000,2.40000000,2.47500000
1615845600000,2.47500000,2.50010000,2.38510000,2.39740000
1615849200000,2.39740000,2.42300000,2.25100000,2.28750000
1615852800000,2.28750000,2.32500000,2.13890000,2.17120000
1615856400000,2.17270000,2.28340000,2.11000000,2.27180000
1615860000000,2.27180000,2.30760000,2.20820000,2.28050000
1615863600000,2.28150000,2.30310000,2.20210000,2.25010000
1615867200000,2.24820000,2.50000000,2.24080000,2.42140000
1615870800000,2.42100000,2.45000000,2.29150000,2.35020000
1615874400000,2.34780000,2.41000000,2.26690000,2.40680000
1615878000000,2.40510000,2.46000000,2.35200000,2.40780000
1615881600000,2.41000000,2.50000000,2.40520000,2.42560000
1615885200000,2.42880000,2.43920000,2.36130000,2.38310000
1615888800000,2.38310000,2.41980000,2.31160000,2.32930000
1615892400000,2.32890000,2.33480000,2.26930000,2.30960000
1615896000000,2.30750000,2.33690000,2.27000000,2.30630000
1615899600000,2.30720000,2.40820000,2.30000000,2.38360000
1615903200000,2.38350000,2.48900000,2.36170000,2.48450000
1615906800000,2.48520000,2.78150000,2.48220000,2.64160000
1615910400000,2.64440000,2.70440000,2.56160000,2.60780000
1615914000000,2.60710000,2.72190000,2.50840000,2.51720000
1615917600000,2.51990000,2.57190000,2.50850000,2.53490000
1615921200000,2.53270000,2.60000000,2.51280000,2.58190000
1615924800000,2.58080000,2.71000000,2.53390000,2.63230000
1615928400000,2.62990000,2.71000000,2.62500000,2.64290000
1615932000000,2.63760000,2.74820000,2.63760000,2.71180000
1615935600000,2.71730000,2.88630000,2.71710000,2.86440000
1615939200000,2.86820000,3.00000000,2.76040000,2.94600000
1615942800000,2.94640000,3.04700000,2.79400000,2.79910000
1615946400000,2.79900000,2.84960000,2.71300000,2.77800000
1615950000000,2.77890000,2.82920000,2.66000000,2.67510000
1615953600000,2.67490000,2.75630000,2.66500000,2.71820000
1615957200000,2.72000000,2.72780000,2.63300000,2.71750000
1615960800000,2.71750000,2.74420000,2.61790000,2.67150000
1615964400000,2.67490000,2.69500000,2.60250000,2.65030000
1615968000000,2.65140000,2.69300000,2.60100000,2.68320000
1615971600000,2.68320000,2.73350000,2.50000000,2.55490000
1615975200000,2.55510000,2.62300000,2.51500000,2.59260000
1615978800000,2.59350000,2.64340000,2.52830000,2.63170000
1615982400000,2.62920000,2.67690000,2.54590000,2.63430000
1615986000000,2.63430000,2.68480000,2.55740000,2.60000000
1615989600000,2.60270000,2.68000000,2.55000000,2.60940000
1615993200000,2.60320000,2.64000000,2.58010000,2.61690000
1615996800000,2.61580000,2.73510000,2.60800000,2.66560000
1616000400000,2.66560000,2.71000000,2.65240000,2.70000000
1616004000000,2.69650000,2.75590000,2.67500000,2.75580000
1616007600000,2.75590000,2.79900000,2.71430000,2.73450000
1616011200000,2.74080000,2.75490000,2.68000000,2.68770000
1616014800000,2.68050000,2.77000000,2.65480000,2.68570000
1616018400000,2.68490000,2.77000000,2.66050000,2.72630000
1616022000000,2.72840000,2.75900000,2.68040000,2.71400000
1616025600000,2.71330000,2.74640000,2.66040000,2.74470000
1616029200000,2.74470000,2.76500000,2.69030000,2.70500000
1616032800000,2.70380000,2.71900000,2.63120000,2.63470000
1616036400000,2.63340000,2.73100000,2.61300000,2.67000000
1616040000000,2.67000000,2.71560000,2.65180000,2.69100000
1616043600000,2.69090000,2.74820000,2.65420000,2.73130000
1616047200000,2.73130000,2.90000000,2.70500000,2.80560000
1616050800000,2.80900000,2.84640000,2.75010000,2.81290000
1616054400000,2.81410000,2.88000000,2.74710000,2.75820000
1616058000000,2.75170000,2.81830000,2.72340000,2.79930000
1616061600000,2.79900000,2.85030000,2.78090000,2.82680000
1616065200000,2.82600000,2.82670000,2.70290000,2.71300000
1616068800000,2.71280000,2.72790000,2.66610000,2.72490000
1616072400000,2.72490000,2.76260000,2.67500000,2.74960000
1616076000000,2.74540000,2.75990000,2.70000000,2.74240000
1616079600000,2.74240000,2.80000000,2.69700000,2.77980000
1616083200000,2.77980000,2.78500000,2.71860000,2.72020000
1616086800000,2.72860000,2.75880000,2.72000000,2.72750000
1616090400000,2.72750000,2.73820000,2.68020000,2.69890000
1616094000000,2.70120000,2.71560000,2.65020000,2.66080000
1616097600000,2.66560000,2.69500000,2.65000000,2.67370000
1616101200000,2.67650000,2.71650000,2.66990000,2.69490000
1616104800000,2.69490000,2.71500000,2.66000000,2.66150000
1616108400000,2.66150000,2.68670000,2.63000000,2.67390000
1616112000000,2.67370000,2.68000000,2.54130000,2.59990000
1616115600000,2.59990000,2.61990000,2.58200000,2.61690000
1616119200000,2.61620000,2.64250000,2.60170000,2.63840000
1616122800000,2.63910000,2.66010000,2.61920000,2.63990000
1616126400000,2.63970000,2.68890000,2.63010000,2.67920000
1616130000000,2.67930000,2.81400000,2.67720000,2.76180000
1616133600000,2.76160000,2.79320000,2.71620000,2.77450000
1616137200000,2.77450000,2.83000000,2.73110000,2.76780000
1616140800000,2.76850000,2.79000000,2.72220000,2.75380000
1616144400000,2.75370000,2.78300000,2.71640000,2.72420000
1616148000000,2.72880000,2.75000000,2.71040000,2.73910000
1616151600000,2.74190000,2.85000000,2.71620000,2.84550000
1616155200000,2.84450000,2.88230000,2.79500000,2.88000000
1616158800000,2.88110000,2.94000000,2.85490000,2.91000000
1616162400000,2.91340000,2.97150000,2.87000000,2.89490000
1616166000000,2.89440000,2.96500000,2.87550000,2.92790000
1616169600000,2.92330000,2.99900000,2.89100000,2.95360000
1616173200000,2.95360000,2.97100000,2.90000000,2.92040000
1616176800000,2.91910000,2.97000000,2.88230000,2.93280000
1616180400000,2.93670000,3.10000000,2.92500000,3.03100000
1616184000000,3.03100000,3.05040000,2.91410000,2.95390000
1616187600000,2.95070000,3.02990000,2.93700000,2.95250000
1616191200000,2.95250000,3.02600000,2.94050000,3.00010000
1616194800000,3.00010000,3.15000000,2.96800000,3.12050000
1616198400000,3.12030000,3.18800000,3.03470000,3.03640000
1616202000000,3.04260000,3.04850000,2.92790000,2.99310000
1616205600000,2.99310000,3.03990000,2.98740000,3.00930000
1616209200000,3.01270000,3.01530000,2.95360000,3.00660000
1616212800000,3.00660000,3.03410000,3.00610000,3.01500000
1616216400000,3.01500000,3.20000000,3.00000000,3.19990000
1616220000000,3.19990000,3.30000000,3.15000000,3.24110000
1616223600000,3.23890000,3.30000000,3.18850000,3.21280000
1616227200000,3.21440000,3.25000000,3.15820000,3.23470000
1616230800000,3.23560000,3.30000000,3.20100000,3.30000000
1616234400000,3.30000000,3.50000000,3.29000000,3.41740000
1616238000000,3.41760000,3.48000000,3.35890000,3.44210000
1616241600000,3.44320000,3.47920000,3.37600000,3.37810000
1616245200000,3.37960000,3.43080000,3.26580000,3.30210000
1616248800000,3.30140000,3.39000000,3.20600000,3.33750000
1616252400000,3.33820000,3.34920000,3.26000000,3.28740000
1616256000000,3.28580000,3.38800000,3.28430000,3.30170000
1616259600000,3.30170000,3.31870000,3.21240000,3.21680000
1616263200000,3.21560000,3.27110000,3.18000000,3.21410000
1616266800000,3.21400000,3.22460000,3.12080000,3.14020000
1616270400000,3.14030000,3.15560000,3.03600000,3.13740000
1616274000000,3.13760000,3.19730000,3.13000000,3.15240000
1616277600000,3.15240000,3.22530000,3.05000000,3.06980000
1616281200000,3.06370000,3.06760000,2.95100000,2.97180000
1616284800000,2.97440000,3.06330000,2.92000000,3.01740000
1616288400000,3.01640000,3.09310000,2.97900000,3.06860000
1616292000000,3.06510000,3.06570000,2.85550000,2.90920000
1616295600000,2.90990000,3.01650000,2.88000000,3.00290000
1616299200000,3.00290000,3.00290000,2.88000000,2.88970000
1616302800000,2.88600000,3.00170000,2.88320000,2.95820000
1616306400000,2.96130000,3.09620000,2.94650000,3.05290000
1616310000000,3.05180000,3.18500000,3.04710000,3.17590000
1616313600000,3.17590000,3.43000000,3.15260000,3.32370000
1616317200000,3.32770000,3.41000000,3.10000000,3.14400000
1616320800000,3.13460000,3.14320000,2.99900000,3.08900000
1616324400000,3.08750000,3.27900000,2.98600000,3.24540000
1616328000000,3.24540000,3.24960000,3.08580000,3.13240000
1616331600000,3.13240000,3.26750000,3.11710000,3.26000000
1616335200000,3.25900000,3.38000000,3.25900000,3.30500000
1616338800000,3.30870000,3.33000000,3.22110000,3.27280000
1616342400000,3.26780000,3.27770000,3.17920000,3.22740000
1616346000000,3.22670000,3.43000000,3.22390000,3.29180000
1616349600000,3.29220000,3.38700000,3.27030000,3.32410000
1616353200000,3.32410000,3.40000000,3.27960000,3.29820000
1616356800000,3.29850000,3.40000000,3.29530000,3.38810000
1616360400000,3.38060000,3.40000000,3.33860000,3.36090000
1616364000000,3.35630000,3.55000000,3.32190000,3.51000000
1616367600000,3.51050000,3.57900000,3.41590000,3.48160000
1616371200000,3.48020000,3.48690000,3.24620000,3.28750000
1616374800000,3.28740000,3.37480000,3.25440000,3.35950000
1616378400000,3.36020000,3.52780000,3.35850000,3.44510000
1616382000000,3.44520000,3.68000000,3.44520000,3.64500000
1616385600000,3.64500000,3.69000000,3.54840000,3.64000000
1616389200000,3.63910000,3.75610000,3.62010000,3.70870000
1616392800000,3.71000000,3.81550000,3.63220000,3.77710000
1616396400000,3.77710000,3.82010000,3.71960000,3.77600000
1616400000000,3.77600000,3.80920000,3.64620000,3.70780000
1616403600000,3.70810000,3.72000000,3.57560000,3.64510000
1616407200000,3.64200000,3.80000000,3.62530000,3.77770000
1616410800000,3.77770000,3.88650000,3.66990000,3.88470000
1616414400000,3.88430000,3.97120000,3.81670000,3.88890000
1616418000000,3.88890000,3.97000000,3.78000000,3.85500000
1616421600000,3.85240000,3.95000000,3.82000000,3.84930000
1616425200000,3.84930000,3.89000000,3.71110000,3.72780000
1616428800000,3.72780000,3.77000000,3.66000000,3.76620000
1616432400000,3.76120000,3.83500000,3.73300000,3.80110000
1616436000000,3.79990000,3.81970000,3.63720000,3.65560000
1616439600000,3.65010000,3.68230000,3.56610000,3.60360000
1616443200000,3.60410000,3.67500000,3.48890000,3.50740000
1616446800000,3.50180000,3.59010000,3.47750000,3.56000000
1616450400000,3.55040000,3.72140000,3.50010000,3.69820000
1616454000000,3.68950000,3.75970000,3.52300000,3.53450000
1616457600000,3.52330000,3.67480000,3.47380000,3.67120000
1616461200000,3.66850000,3.67220000,3.54800000,3.63590000
1616464800000,3.63600000,3.64270000,3.47800000,3.48870000
1616468400000,3.48870000,3.48980000,3.35450000,3.43170000
1616472000000,3.42820000,3.44310000,3.31730000,3.38940000
1616475600000,3.39000000,3.39960000,3.27690000,3.36060000
1616479200000,3.36510000,3.37390000,3.21790000,3.27350000
1616482800000,3.27270000,3.55980000,3.27000000,3.50040000
1616486400000,3.50700000,3.72000000,3.36330000,3.57850000
1616490000000,3.57620000,3.74000000,3.55220000,3.67760000
1616493600000,3.67760000,3.73900000,3.62060000,3.64360000
1616497200000,3.64520000,3.68200000,3.46550000,3.49410000
1616500800000,3.49720000,3.67000000,3.49470000,3.63500000
1616504400000,3.63560000,3.81300000,3.63560000,3.70080000
1616508000000,3.70260000,3.71010000,3.55000000,3.58780000
1616511600000,3.58480000,3.68480000,3.57610000,3.62800000
1616515200000,3.62830000,3.67770000,3.55000000,3.61100000
1616518800000,3.61250000,3.64290000,3.55710000,3.58960000
1616522400000,3.58900000,3.62670000,3.53130000,3.53990000
1616526000000,3.54520000,3.56000000,3.42520000,3.44680000
1616529600000,3.44590000,3.46230000,3.34370000,3.37990000
1616533200000,3.38020000,3.42000000,3.34370000,3.40720000
1616536800000,3.40670000,3.44470000,3.30050000,3.30400000
1616540400000,3.30950000,3.36650000,3.30000000,3.31660000
1616544000000,3.31660000,3.36500000,3.13430000,3.17260000
1616547600000,3.17260000,3.25010000,3.10000000,3.22690000
1616551200000,3.22700000,3.28880000,3.19110000,3.25510000
1616554800000,3.25510000,3.27180000,3.15780000,3.21040000
1616558400000,3.21380000,3.27000000,3.17200000,3.17420000
1616562000000,3.17720000,3.18430000,3.08160000,3.16010000
1616565600000,3.15860000,3.25550000,3.11180000,3.25180000
1616569200000,3.25000000,3.42480000,3.24400000,3.33940000
1616572800000,3.33940000,3.40000000,3.30430000,3.34690000
1616576400000,3.34220000,3.45750000,3.33360000,3.37500000
1616580000000,3.37650000,3.38530000,3.25090000,3.27340000
1616583600000,3.27500000,3.27900000,3.16280000,3.22470000
1616587200000,3.22430000,3.28350000,3.21400000,3.27170000
1616590800000,3.27140000,3.29230000,3.18000000,3.21950000
1616594400000,3.21880000,3.26870000,3.18270000,3.22720000
1616598000000,3.22720000,3.25180000,3.14130000,3.19510000
1616601600000,3.18720000,3.19510000,3.10860000,3.11500000
1616605200000,3.11430000,3.20000000,3.10100000,3.16280000
1616608800000,3.16280000,3.19390000,3.11300000,3.11930000
1616612400000,3.11920000,3.13170000,3.01500000,3.05400000
1616616000000,3.05920000,3.06490000,2.91990000,3.02320000
1616619600000,3.02880000,3.04340000,2.93330000,2.96490000
1616623200000,2.96490000,2.96490000,2.63660000,2.82590000
1616626800000,2.82520000,2.84280000,2.75380000,2.79800000
1616630400000,2.79320000,2.85640000,2.73180000,2.75740000
1616634000000,2.75610000,2.78000000,2.50010000,2.50900000
1616637600000,2.50300000,2.71480000,2.50000000,2.69950000
1616641200000,2.69210000,2.78420000,2.61320000,2.77810000
1616644800000,2.77760000,2.86400000,2.72020000,2.85920000
1616648400000,2.85900000,2.88810000,2.79170000,2.84950000
1616652000000,2.84940000,2.95030000,2.84750000,2.91210000
1616655600000,2.91260000,2.91800000,2.71600000,2.71670000
1616659200000,2.71730000,2.88000000,2.70690000,2.87440000
1616662800000,2.87430000,2.90530000,2.80870000,2.88040000
1616666400000,2.88460000,2.91640000,2.83200000,2.85130000
1616670000000,2.85330000,2.87460000,2.72380000,2.72500000
1616673600000,2.72500000,2.76020000,2.51470000,2.67090000
1616677200000,2.66940000,2.73220000,2.55130000,2.69000000
1616680800000,2.69000000,2.75490000,2.63070000,2.64490000
1616684400000,2.65140000,2.68050000,2.57880000,2.62860000
1616688000000,2.62520000,2.67010000,2.56000000,2.60290000
1616691600000,2.60280000,2.65490000,2.57580000,2.64850000
1616695200000,2.64840000,2.74130000,2.64000000,2.73980000
1616698800000,2.73650000,2.76720000,2.68430000,2.72050000
1616702400000,2.72300000,2.75540000,2.70000000,2.70700000
1616706000000,2.70390000,2.77000000,2.70270000,2.76810000
1616709600000,2.76810000,2.86840000,2.70000000,2.72540000
1616713200000,2.72900000,2.75630000,2.68490000,2.68690000
1616716800000,2.68770000,2.82360000,2.68690000,2.77730000
1616720400000,2.77820000,2.82510000,2.76960000,2.79970000
1616724000000,2.80000000,2.83200000,2.75010000,2.80230000
1616727600000,2.80260000,2.95000000,2.79990000,2.88610000
1616731200000,2.88500000,2.93900000,2.85000000,2.92460000
1616734800000,2.92460000,2.94640000,2.84640000,2.88100000
1616738400000,2.88010000,2.95220000,2.86090000,2.89420000
1616742000000,2.89330000,2.96670000,2.88000000,2.95060000
1616745600000,2.95060000,2.95800000,2.86480000,2.87550000
1616749200000,2.88070000,2.89960000,2.81010000,2.82430000
1616752800000,2.82420000,2.88700000,2.81400000,2.87730000
1616756400000,2.87960000,2.90000000,2.79500000,2.83790000
1616760000000,2.84080000,2.88690000,2.80830000,2.86870000
1616763600000,2.86660000,2.88600000,2.81010000,2.85000000
1616767200000,2.85530000,2.86670000,2.82900000,2.85620000
1616770800000,2.85680000,2.94810000,2.84550000,2.93170000
1616774400000,2.93170000,2.97650000,2.87320000,2.92490000
1616778000000,2.92490000,2.94470000,2.89860000,2.92030000
1616781600000,2.92030000,2.92700000,2.88010000,2.89120000
1616785200000,2.88850000,2.89640000,2.85930000,2.88520000
1616788800000,2.88600000,2.91420000,2.88290000,2.89880000
1616792400000,2.90280000,2.91870000,2.85600000,2.86520000
1616796000000,2.86520000,2.88300000,2.83120000,2.83830000
1616799600000,2.83830000,2.86160000,2.82050000,2.85930000
1616803200000,2.86170000,2.93770000,2.84040000,2.84050000
1616806800000,2.84050000,2.88210000,2.83890000,2.84310000
1616810400000,2.84170000,2.88210000,2.82860000,2.84760000
1616814000000,2.85110000,2.85330000,2.77490000,2.77870000
1616817600000,2.78330000,2.84620000,2.78030000,2.84090000
1616821200000,2.84070000,2.89320000,2.82060000,2.88720000
1616824800000,2.88420000,2.92770000,2.87000000,2.88180000
1616828400000,2.88270000,2.89340000,2.84490000,2.86510000
1616832000000,2.86290000,2.89980000,2.84620000,2.89750000
1616835600000,2.89310000,3.06770000,2.86730000,3.03510000
1616839200000,3.03930000,3.10000000,2.97920000,3.01220000
1616842800000,3.01140000,3.20000000,2.93000000,3.20000000
1616846400000,3.19890000,3.25370000,3.05910000,3.12980000
1616850000000,3.12620000,3.17970000,3.05610000,3.14190000
1616853600000,3.14990000,3.19430000,3.10210000,3.14800000
1616857200000,3.14800000,3.18810000,3.10330000,3.12150000
1616860800000,3.12490000,3.23270000,3.11330000,3.22620000
1616864400000,3.22620000,3.23330000,3.15370000,3.16600000
1616868000000,3.16890000,3.19250000,3.13190000,3.15210000
1616871600000,3.15210000,3.21110000,3.15210000,3.20500000
1616875200000,3.20950000,3.23990000,3.18630000,3.21830000
1616878800000,3.21830000,3.29500000,3.18960000,3.25620000
1616882400000,3.25620000,3.26270000,3.13650000,3.21010000
1616886000000,3.21010000,3.23290000,3.07620000,3.09060000
1616889600000,3.09260000,3.18410000,3.07750000,3.17380000
1616893200000,3.17380000,3.22800000,3.15000000,3.19280000
1616896800000,3.19500000,3.20000000,3.13140000,3.14210000
1616900400000,3.13920000,3.25960000,3.13620000,3.24300000
1616904000000,3.24300000,3.45000000,3.24060000,3.43030000
1616907600000,3.43080000,3.43080000,3.33510000,3.39210000
1616911200000,3.39330000,3.39540000,3.23890000,3.24600000
1616914800000,3.24530000,3.31480000,3.22200000,3.24210000
1616918400000,3.24210000,3.31400000,3.21000000,3.31400000
1616922000000,3.31280000,3.37590000,3.25080000,3.33200000
1616925600000,3.33200000,3.36990000,3.23440000,3.32390000
1616929200000,3.32610000,3.40000000,3.30100000,3.30100000
1616932800000,3.30130000,3.35000000,3.15160000,3.20300000
1616936400000,3.20000000,3.25000000,3.19250000,3.21360000
1616940000000,3.21070000,3.21080000,3.11580000,3.15780000
1616943600000,3.15830000,3.20700000,3.12470000,3.17210000
1616947200000,3.17770000,3.21290000,3.14030000,3.15220000
1616950800000,3.15250000,3.15490000,3.09070000,3.11780000
1616954400000,3.11780000,3.12000000,3.01000000,3.02120000
1616958000000,3.02120000,3.08960000,3.00000000,3.07870000
1616961600000,3.07160000,3.08700000,3.04130000,3.04420000
1616965200000,3.04680000,3.11420000,3.04560000,3.10840000
1616968800000,3.10840000,3.13380000,3.07420000,3.11500000
1616972400000,3.11920000,3.17220000,3.09070000,3.16700000
1616976000000,3.16180000,3.17000000,3.10000000,3.10800000
1616979600000,3.10800000,3.13130000,3.03360000,3.07360000
1616983200000,3.07360000,3.09520000,3.04990000,3.08390000
1616986800000,3.08400000,3.09450000,3.06420000,3.06610000
1616990400000,3.06610000,3.08570000,3.04390000,3.08490000
1616994000000,3.08240000,3.09050000,3.05000000,3.08060000
1616997600000,3.08190000,3.14980000,3.06600000,3.12970000
1617001200000,3.13190000,3.21280000,3.12500000,3.18360000
1617004800000,3.18770000,3.22800000,3.13400000,3.20450000
1617008400000,3.20450000,3.24250000,3.17380000,3.23650000
1617012000000,3.23030000,3.23600000,3.13920000,3.14260000
1617015600000,3.14260000,3.18000000,3.14230000,3.17310000
1617019200000,3.17410000,3.20000000,3.16680000,3.18680000
1617022800000,3.18230000,3.19090000,3.15090000,3.15580000
1617026400000,3.15750000,3.16560000,3.12430000,3.13850000
1617030000000,3.13830000,3.14470000,3.04800000,3.08570000
1617033600000,3.08250000,3.11110000,3.05000000,3.10800000
1617037200000,3.10500000,3.14350000,3.10350000,3.12580000
1617040800000,3.12310000,3.12770000,3.09520000,3.11100000
1617044400000,3.11130000,3.12090000,3.08860000,3.09020000
1617048000000,3.09020000,3.10020000,3.06580000,3.08500000
1617051600000,3.08500000,3.11520000,3.07050000,3.11230000
1617055200000,3.11210000,3.19480000,3.10270000,3.18640000
1617058800000,3.18900000,3.26660000,3.18530000,3.22900000
1617062400000,3.23240000,3.23890000,3.17160000,3.18000000
1617066000000,3.18080000,3.18370000,3.13550000,3.15580000
1617069600000,3.15680000,3.15680000,3.09840000,3.11930000
1617073200000,3.12020000,3.14250000,3.11000000,3.12330000
1617076800000,3.12120000,3.16290000,3.10000000,3.14970000
1617080400000,3.14670000,3.16290000,3.13140000,3.14300000
1617084000000,3.14560000,3.14590000,3.10810000,3.13880000
1617087600000,3.14070000,3.15750000,3.12510000,3.12990000
1617091200000,3.12970000,3.16710000,3.09580000,3.10730000
1617094800000,3.10730000,3.15000000,3.09500000,3.14310000
1617098400000,3.14220000,3.19070000,3.11000000,3.12490000
1617102000000,3.12470000,3.14590000,3.10430000,3.12000000
1617105600000,3.12000000,3.13000000,3.10150000,3.11100000
1617109200000,3.11100000,3.34500000,3.11000000,3.32350000
1617112800000,3.32590000,3.43170000,3.28060000,3.33050000
1617116400000,3.33210000,3.35520000,3.23810000,3.26370000
1617120000000,3.26400000,3.34560000,3.25080000,3.33220000
1617123600000,3.33750000,3.39000000,3.31500000,3.32870000
1617127200000,3.32610000,3.39180000,3.32610000,3.35000000
1617130800000,3.34980000,3.44440000,3.31930000,3.44400000
1617134400000,3.44400000,3.44570000,3.31920000,3.35230000
1617138000000,3.35470000,3.38600000,3.33000000,3.38110000
1617141600000,3.38110000,3.41000000,3.36020000,3.40500000
1617145200000,3.40350000,3.40710000,3.34050000,3.34690000
1617148800000,3.34980000,3.35120000,3.26690000,3.31560000
1617152400000,3.31560000,3.33020000,3.25280000,3.25870000
1617156000000,3.25870000,3.27860000,3.20000000,3.20890000
1617159600000,3.20360000,3.20970000,3.06110000,3.13000000
1617163200000,3.13000000,3.17330000,3.09050000,3.16560000
1617166800000,3.16880000,3.19230000,3.14000000,3.18290000
1617170400000,3.18090000,3.23760000,3.16540000,3.21100000
1617174000000,3.21200000,3.22560000,3.10000000,3.13760000
1617177600000,3.13350000,3.14140000,2.85050000,3.06700000
1617181200000,3.06910000,3.07880000,3.01250000,3.03480000
1617184800000,3.03490000,3.05520000,2.92610000,3.01240000
1617188400000,3.00850000,3.06590000,2.98760000,3.05520000
1617192000000,3.05530000,3.05780000,2.99410000,3.02880000
1617195600000,3.02830000,3.10680000,3.01290000,3.09370000
1617199200000,3.09370000,3.14330000,3.06000000,3.10410000
1617202800000,3.10190000,3.14880000,3.04860000,3.07130000
1617206400000,3.07310000,3.11900000,2.99410000,3.03140000
1617210000000,3.03070000,3.14130000,3.02030000,3.08040000
1617213600000,3.08040000,3.15200000,3.07450000,3.13920000
1617217200000,3.13800000,3.14560000,3.05280000,3.08160000
1617220800000,3.08090000,3.15000000,3.07340000,3.14750000
1617224400000,3.14750000,3.18150000,3.10880000,3.17000000
1617228000000,3.17210000,3.22030000,3.14540000,3.18190000
1617231600000,3.18190000,3.26500000,3.18190000,3.23440000
1617235200000,3.23450000,3.25000000,3.15960000,3.18230000
1617238800000,3.18190000,3.19470000,3.13660000,3.14200000
1617242400000,3.14200000,3.16620000,3.12370000,3.12420000
1617246000000,3.12430000,3.17000000,3.09000000,3.10060000
1617249600000,3.10050000,3.15070000,3.10000000,3.14570000
1617253200000,3.14590000,3.17260000,3.10870000,3.11090000
1617256800000,3.11120000,3.12730000,3.06430000,3.07270000
1617260400000,3.07030000,3.07270000,3.02580000,3.05500000
1617264000000,3.05520000,3.15000000,3.05020000,3.07940000
1617267600000,3.07800000,3.12010000,3.07800000,3.09570000
1617271200000,3.09570000,3.12000000,3.03010000,3.03320000
1617274800000,3.03350000,3.04410000,3.00100000,3.01910000
1617278400000,3.01790000,3.08000000,3.00010000,3.02390000
1617282000000,3.02370000,3.05680000,2.98620000,2.99180000
1617285600000,2.99370000,3.02640000,2.96990000,2.98990000
1617289200000,2.98650000,3.08000000,2.98000000,2.99900000
1617292800000,2.99560000,3.01000000,2.95170000,2.98000000
1617296400000,2.98070000,2.98870000,2.90000000,2.93110000
1617300000000,2.93710000,2.96200000,2.85500000,2.94350000
1617303600000,2.94700000,2.97640000,2.93440000,2.96000000
1617307200000,2.95850000,2.97830000,2.94220000,2.97550000
1617310800000,2.97550000,2.97880000,2.94380000,2.96370000
1617314400000,2.97120000,3.02000000,2.95270000,3.00540000
1617318000000,3.00540000,3.00820000,2.96550000,2.96550000
1617321600000,2.96550000,2.98470000,2.87690000,2.90390000
1617325200000,2.90650000,3.06960000,2.90650000,3.05850000
1617328800000,3.05930000,3.05990000,2.97280000,3.03600000
1617332400000,3.03620000,3.11000000,3.02260000,3.10960000
1617336000000,3.11000000,3.12000000,3.04090000,3.05010000
1617339600000,3.05500000,3.08960000,3.04340000,3.06100000
1617343200000,3.06100000,3.09980000,3.04670000,3.05130000
1617346800000,3.05130000,3.08080000,3.03850000,3.06700000
1617350400000,3.06640000,3.10000000,3.00350000,3.03180000
1617354000000,3.03160000,3.05000000,3.00000000,3.04610000
1617357600000,3.03650000,3.05000000,3.01950000,3.03150000
1617361200000,3.03460000,3.04580000,3.00130000,3.00680000
1617364800000,3.00500000,3.04590000,2.94130000,3.03500000
1617368400000,3.03500000,3.04180000,2.98000000,3.01480000
1617372000000,3.01480000,3.05030000,3.00000000,3.03170000
1617375600000,3.03400000,3.10500000,3.02650000,3.04780000
1617379200000,3.04500000,3.08000000,3.02000000,3.06770000
1617382800000,3.07150000,3.08000000,3.03030000,3.03350000
1617386400000,3.03350000,3.05780000,2.99410000,3.01160000
1617390000000,3.00930000,3.03270000,2.96770000,3.02500000
1617393600000,3.02600000,3.03610000,3.00030000,3.01510000
1617397200000,3.01200000,3.01450000,2.99160000,3.00010000
1617400800000,3.00450000,3.01900000,2.96030000,2.97400000
1617404400000,2.97050000,3.02030000,2.97000000,3.01700000
1617408000000,3.01370000,3.03530000,3.00300000,3.03350000
1617411600000,3.03050000,3.03940000,2.97290000,3.00800000
1617415200000,3.00640000,3.00760000,2.98000000,3.00260000
1617418800000,3.00430000,3.00430000,2.96100000,2.97120000
1617422400000,2.97350000,3.00000000,2.97030000,2.99380000
1617426000000,2.99380000,3.02760000,2.99000000,3.01270000
1617429600000,3.01400000,3.02010000,2.98770000,3.00520000
1617433200000,3.00520000,3.04430000,2.99130000,3.04430000
1617436800000,3.04320000,3.11920000,3.04140000,3.08440000
1617440400000,3.08470000,3.15000000,3.05900000,3.14950000
1617444000000,3.14880000,3.14930000,3.05500000,3.06710000
1617447600000,3.06900000,3.09630000,3.06710000,3.09500000
1617451200000,3.09500000,3.11800000,3.07170000,3.08000000
1617454800000,3.08270000,3.09400000,3.02000000,3.06220000
1617458400000,3.06210000,3.06270000,3.00000000,3.00000000
1617462000000,3.00000000,3.03540000,2.95000000,2.95000000
1617465600000,2.95100000,2.98500000,2.89370000,2.93870000
1617469200000,2.93760000,2.93840000,2.79000000,2.83310000
1617472800000,2.83690000,2.84810000,2.71100000,2.84270000
1617476400000,2.84270000,2.86670000,2.81370000,2.84680000
1617480000000,2.84420000,2.84700000,2.70000000,2.74620000
1617483600000,2.74500000,2.85000000,2.71230000,2.73730000
1617487200000,2.73310000,2.99000000,2.67320000,2.76790000
1617490800000,2.76550000,2.78980000,2.70380000,2.72140000
1617494400000,2.71990000,2.78590000,2.67800000,2.75500000
1617498000000,2.75500000,2.84440000,2.72010000,2.82940000
1617501600000,2.82940000,2.87870000,2.79130000,2.82850000
1617505200000,2.82800000,2.84570000,2.80000000,2.83100000
1617508800000,2.83360000,2.83830000,2.77530000,2.79360000
1617512400000,2.79300000,2.84010000,2.77470000,2.81740000
1617516000000,2.81740000,2.83200000,2.78490000,2.81980000
1617519600000,2.81700000,2.83790000,2.78000000,2.81660000
1617523200000,2.81660000,2.97000000,2.80000000,2.89610000
1617526800000,2.89600000,2.92000000,2.87910000,2.91610000
1617530400000,2.91600000,2.92480000,2.86950000,2.87540000
1617534000000,2.87550000,2.88530000,2.80810000,2.81630000
1617537600000,2.81630000,2.88000000,2.79590000,2.85870000
1617541200000,2.85910000,2.88390000,2.85200000,2.86270000
1617544800000,2.86360000,2.87890000,2.84490000,2.86000000
1617548400000,2.86320000,2.87130000,2.84370000,2.85580000
1617552000000,2.85290000,2.87740000,2.84500000,2.87110000
1617555600000,2.87110000,2.91940000,2.86730000,2.90130000
1617559200000,2.90100000,2.91930000,2.87320000,2.88540000
1617562800000,2.88790000,2.89330000,2.84640000,2.88510000
1617566400000,2.88850000,2.91000000,2.88030000,2.90710000
1617570000000,2.90710000,2.94500000,2.89710000,2.92700000
1617573600000,2.92400000,2.94380000,2.90170000,2.94170000
1617577200000,2.93870000,2.95450000,2.90840000,2.93680000
1617580800000,2.93670000,2.95840000,2.86530000,2.87440000
1617584400000,2.87600000,2.89690000,2.85000000,2.89040000
1617588000000,2.88850000,2.88850000,2.83510000,2.83810000
1617591600000,2.84050000,2.92980000,2.82330000,2.86850000
1617595200000,2.86840000,2.90000000,2.85000000,2.87130000
